Web Sitesi,IK E-posta
https://www.1ware.net,info@1ware.net
https://www.metaverse34.net/,email@adresiniz.com
https://www.4alabs.io/,info@4alabs.io
https://www.adeo.com.tr/,
http://www.adesso.com.tr/,info@adesso.com.tr
https://afnteknoloji.com/,satinalma@afnteknoloji.com
https://www.anadolugrubu.com.tr,
https://www.agito.com.tr/,info@agito.com.tr
https://aims.com.tr/,info@aims.com.tr
https://www.akakce.com,akakcebilgiteknolojileri@hs06.kep.tr
https://aksis.com.tr/,hr@aksis.com.tr
http://www.aktekbilisim.com/,
https://www.aktiftech.com/tr/,
https://albarakatech.com/tr.html,info@albarakatech.com
https://www.amazon.com.tr,
http://analitikpro.com/,info@analitikpro.com
https://www.ankarabt.com,info@msysoftware.com
https://www.ankaref.com,ik@ankaref.com
https://www.apple.com/tr,
https://www.architecht.com/,info@architecht.com
https://www.ardbilisim.com.tr/,
http://www.arena.com.tr/,ir@arena.com.tr
https://arimest.com.tr/,info@arimest.com.tr
https://www.artsistem.com/,info@artsistem.com
http://www.asirbil.com/,
https://www.atlantisbilgisayar.net/sayfa/hakkinda,
http://www.tradesoft.com.tr/,
https://www.avasya.com.tr/,bilgi@avasya.com.tr
http://www.enocta.com/,info@enocta.com
https://www.ayrotek.com.tr/,info@ayrotek.com.tr
https://www.soolx.com,
http://www.beyaz.net/,beyaz@beyaz.net
https://bfe.com.tr/,info@bfe.com.tr
http://www.bilgibirikim.com/,info@bilgibirikim.com
http://www.bilkom.com.tr/,destek@bilkom.com.tr
http://www.infotechacademy.com.tr,info@infotechacademy.com.tr
https://bimser.com/,Website@2x-100-622x400.jpg
https://www.bimtes.com.tr,
https://www.birfatura.com,iletisim@birfatura.com
http://www.biscozum.com.tr/,info@biscozum.com.tr
https://www.bogazici.com.tr/dagitim/iletisim,
http://www.bogazici.com.tr/,
http://bosscubes.com/,
https://brewww.com/,brand-logo-BeycelikHolding@2x.png
https://bt.guru/,info@bt.guru
https://www.btc-ag.com.tr/,contact@btc-ag.com.tr
http://www.btsgrp.com/,
https://www.cbksoft.com/,
https://www.caligo.com.tr/,info@caligo.com.tr
https://www.cbot.ai/,hi@cbot.ai
http://www.cisco.com/,
https://www.compro.com.tr,compro@compro.com.tr
https://jobs.concentrix.com/turkey/tr/hakkimizda/,GlobalTAOps@concentrix.com
https://craftgate.io/,
https://crededata.com/,info@crede.com.tr
https://www.cyberwise.com.tr/,
https://www.dalioprotocol.com/,
http://www.datamarket.com.tr/,info@datamarket.com.tr
https://www.teamdefinex.com/,recruitment@teamdefinex.com
https://www.dell.com.tr,
https://www.demsistem.com,info@demsistem.com
https://www.bdo.com.tr,
http://www.despec.com.tr/,
https://www.destek.as,
https://destel.com.tr/,info@destel.com.tr
https://business.telekom.com,business@telekom.com
http://www.1ci.com/,1Ci-Main-Page-Badge@1x.png
http://www.hepsiburada.com/,
https://www.doganedonusum.com/,info@doganedonusum.com
https://www.d-teknoloji.com.tr,
https://dogus.com.tr/,sales@dogus.com.tr
https://www.doruksistem.com.tr,info@doruksistem.com.tr
https://www.deloitte.com.tr,
https://www.dva.com.tr/,%20teknik@dva.com.tr
https://www.dzdtech.com/,
https://easycep.com/sayfa/hakkimizda-5,
https://eclit.com/,
http://www.ebi.com.tr/,
https://www.ekspar.com.tr,
https://expertera.com/,
https://www.toshiba-turkiye.com,
http://www.e-guven.com/,logo@2x.png
https://www.btcturk.com/,
https://www.dopigo.com,info@dopigo.com
https://www.enqura.com/,info@enqura.com
https://www.enuygun.com/,bilgi@enuygun.com
https://www.epicventuresturkey.com,
https://www.equinix.com,
https://www.erybilisim.com/,
http://www.escort.com.tr/,yatirimci.iliskileri@escort.com.tr
https://www.estebilisim.com,info@estebilisim.com
http://www.etcbase.com/,helpdesk@etcbase.com
https://www.etiya.com,info@etiya.com
https://exairon.com/tr/tr-home/,45info@exairon.com
https://www.felece.com/,iletisim@felece.com
http://www.figensoft.com/,
https://figopara.com/,kisiselverilerikorumakomitesi@figotr.com
http://www.fileorbis.com/,
https://fimple.co.uk/,
https://finartz.com/,sales@finartz.com
http://www.fineksus.com/,support@fineksus.com
https://www.finpro.com.tr/,2062d0a4929b45348643784b5cb39c36@sentry.wixpress.com
https://www.forcerta.com/,iletisim@forcerta.com
https://www.fortinet.com/,latam_pr@fortinet.com
https://www.galaksiya.com.tr,
http://www.gantek.com/,info@gantek.com
https://garantili.com.tr/,destek@garantili.com.tr
https://gencpa.com/,ik@gencpa.com
https://getmobil.com/,
http://www.glasshouse.com.tr/,info@glasshouse.com.tr
https://globalit.com.tr/,info@globalit.co.ae
https://www.gobito.com,
https://www.gtinovasyon.com/,info@gtinovasyon.com
https://www.gunayerdogan.com.tr/,info@gunayerdogan.com
https://www.haratres.com/,
https://hesventures.com/,sales@hesventures.com
http://www.hp.com/,Envy-Pro-6422@2x.jpg
https://hexaworks.com/,
http://www.hitachivantara.com/,rwhalen@whaleninjurylawyers.com
http://www.hitit.com/,
https://ww8.hp.com,
http://www.caniaserp.com/,satis@canias.com
https://www.ibm.com/tr,
https://www.ibtech.com.tr/home,
https://www.iceteknoloji.com.tr,destek@iceteknoloji.com.tr
https://bulutistan.com/,info@bulutistan.com
https://www.ideateknoloji.com.tr,
https://www.ifs.com/tr,
http://www.index.com.tr/,
https://infinityelearning.com/,info@infinityelearning.com
http://www.infoma.biz/,info@gigas.com
https://www.infonet.com.tr,
https://www.infrasis.com.tr/,
https://www.innova.com.tr,info@innova.com.tr
https://innovance.com.tr/,info@innovance.com.tr
https://www.insight.ist,info@insight.ist
http://www.inspark.com/,hr@inspark.com
http://intercomp.com.tr/,ik@intercomp.com.tr
http://www.intertech.com.tr/,
https://www.invento.com.tr/,info@invento.com.tr
http://www.inveon.com.tr/,info@inveon.com
https://irisco-solutions.com/,45001@2x-8.png
https://www.ironmountain.com/tr-tr,
https://www.isnet.net.tr/,nettearsiv@is.net.tr
https://www.istpaz.com.tr/,
http://www.itserv.com.tr/,info@itservtechnology.com
https://www.itemco.com.tr,
https://ithinka.com/,info@ithinka.com
https://ariteknokent.com.tr/trkiye,
https://www.izometri.com.tr,
https://www.jarvis.com.tr/jarvisoloji,
https://jestiyon.com/,
https://www.jforce.com.tr/,jforce@jforce.com
https://www.netmarbleturkey.com/tr/,
http://www.karel.com.tr/,
https://www.kariyer.net/,adaydestek@kariyer.net
https://www.kaspersky.com.tr,u003einfo@kaspersky.com
https://www.kocsistem.com.tr,info@kocsistem.com.tr
https://www.kodateknoloji.com,support@zibber.com
http://www.koyuncu.com.tr/tr,bilgi@koyuncu.com.tr
http://www.kron.com.tr/,
https://www.kvk.com,
http://www.lenovo.com/,01_Ideapad_5_Gen_7_15inch_Distance_Learning@2x.jpg
https://www.lidio.com/,eker@2x.png
https://www.lima.com.tr,lima@lima.com.tr
https://www.link.com.tr/,info@linkbilgisayar.com.tr
http://www.logo.com.tr/,iletisim@logo.com.tr
https://macellan.net/tr,info@macellan.net
http://www.manpower.com.tr,
https://www.maroteknoloji.com/tr/maro/,info@maroteknoloji.com
https://www.mcbdc.com,matt@pixelspread.com
https://tr.mdsaptech.com/,info@mdsapctech.com
http://www.mechsoft.com.tr/,info@mechsoft.com.tr
http://www.mediamarkt.com.tr/,u002Fab050ccc787b46f295a388d53643164f@o1040326.ingest.sentry.io
https://www.microsoft.com/turkiye,
https://www.mikro.com.tr,info@mikro.com.tr
http://www.mobven.com/,info@mobven.com
https://www.modera.com.tr/,info@modera.com.tr
https://mukellef.co/,
https://www.narbulut.com,info@narbulut.com
http://www.netas.com.tr/,info@netas.com.tr
https://netoloji.com/,info@netoloji.com
http://www.nokia.com/,
https://normdigital.com/,info@normdigital.com
https://www.odeabank.com.tr/,odeabank.muhaberat@hs09.kep.tr
https://www.ondatapartners.com/,2062d0a4929b45348643784b5cb39c36@sentry.wixpress.com
https://onlayer.com/?locale=en-US,
https://www.oracle.com.tr,
https://www.ouno.com.tr,
https://www.patika.dev/hakkimizda,info@patika.dev
https://www.paymio.com.tr/,SaaSio@support.com
https://www.payten.com/tr/,hr.info@payten.com
http://www.peakup.org/,
http://www.penta.com.tr/,info@penta.com.tr
https://pera.software,
https://www.poltio.com,
http://www.procatint.com/,
https://procenne.com/,
https://www.promaks.com.tr/,
https://www.pwc.com.tr,hc.departmet@pwc.com
https://www.radore.com,ik@radore.com
https://rdc.com.tr/,
https://www.redhat.com/en/global/turkiye,
https://www.redigodigital.com/,605a7baede844d278b89dc95ae0a9123@sentry-next.wixpress.com
https://www.redington.com.tr/,info.tr@redingtongroup.com
https://www.passgage.com/,info@passgage.com
https://revo.vc/,jeff@amazon.com
https://rierino.com/,
https://robusta.ai/tr/,Untitled-design-11-480x298@2x.png
https://www.sabancidx.com,info@sabancidx.com
https://experilabs.com/,info@experilabs.com
https://www.sahibinden.com/,
https://sagatech.co/,info@sagactech.co
https://www.sap.com,
http://www.sarente.com/,info@sarente.com
https://savatr.com/,info@savatr.com
https://www.securefuture.com.tr,info@securefuture.com.tr
https://www.sestek.com/tr,info@sestek.com
https://www.setyazilim.com.tr/,info@setsoftware.com
https://www.sfs.com.tr/,logo-white@2x.png
https://www.sistemglobal.com.tr/,sistemglobal.ik@sistemglobal.com.tr
https://www.smartpro.com.tr,flags@2x.webp
http://www.sodec.com/,contact@sodec.com
http://www.soft.com.tr/,
https://softrobotics.com.tr,hello@softglobal.com
http://www.softtech.com.tr/,info@softtech.com.tr
https://www.softwareone.com/,info.tr@softwareone.com
https://www.masraff.co/anasayfa-2/,hr@masraff.co
https://spiky.ai/tr,
http://www.srp-legal.com/,info@srp-legal.com
https://www.stravision.com.tr/,
https://www.sys.com.tr/,infosys@sys.com.tr
https://www.teammelon.co/,
https://tavtechnologies.aero/,info@tavtechnologies.aero
http://www.as.techdata.eu/tr/,
https://teampro.com.tr/,info@teampro.com.tr
https://www.tecpro.com.tr,tecpro@tecpro.com.tr
https://www.teknosa.com/,widget_jenerikmda_250120@2x.jpg
http://www.teknosergroup.com/,
http://www.teknosisbilisim.com/,info@teknosisbilisim.com
https://www.tekyaz.com/,Logo@72x-1024x281.png
https://telcoset.com.tr/,icn-yenilikci@2x-150x150.png
https://testinium.com,letstalk@testinium.com
https://www.tabfoods.com,
https://www.thinx.com.tr/,
https://www.ticimax.com/,info@ticimax.com
https://www.trendmicro.com,
https://www.treo.com.tr,info@treo.com.tr
https://www.formica.ai/,u003einfo@trlogic.com
http://www.trnteknoloji.com/,destek@trnteknoloji.com
https://tunesoft.com.tr/tr/,destek@tunesoft.com.tr
https://www.turcom.com.tr/,
https://param.com.tr/,
http://www.turktelekom.com.tr/,
http://www.turkcell.com.tr/dbs,turkcell-kurumsal-logo@2x.png
https://turkkep.com.tr/,destek@turkkep.com.tr
http://www.turkuazyazilim.com.tr/,
https://www.ucsturkey.com/,kurumsalsatis@ucsturkey.com
https://www.bogaziciventures.com/,
https://www.uisap.com.tr/tr/,info@uisap.com
https://www.ulakhaberlesme.com.tr,info@ulakhaberlesme.com.tr
https://www.experteam.com.tr,
https://www.vas.com.tr/,ik@vas.com.tr
https://www.vbt.com.tr/,
http://www.vektora.com/,info@vektora.com
https://www.venhancer.com,info@venhancer.com
https://www.veripark.com,
https://vesacons.com/,sercan.midik@vesacons.com
https://www.vidco.com.tr/,info@vidco.com.tr
https://www.yinovasyon.com/,2062d0a4929b45348643784b5cb39c36@sentry.wixpress.com
https://www.yemekpay.com,
https://www.yildizteknopark.com.tr/tr,
https://www.zenith-hr.com/,info@zenith-hr.com
